FID,the_geom,FID_,scalerank,name,name_long,brk_a3,brk_name,abbrev,postal,name_sort,iso_a2,iso_a3,continent,region_un,subregion,region_wb,Longitude,Latitude
country_centroids_az8.1,POINT (-69.9826771125 12.5208803838),0,3,Aruba,Aruba,ABW,Aruba,Aruba,AW,Aruba,AW,ABW,North America,Americas,Caribbean,Latin America & Caribbean,-69.98267711,12.52088038
country_centroids_az8.2,POINT (66.0047336558 33.8352307278),1,1,Afghanistan,Afghanistan,AFG,Afghanistan,Afg.,AF,Afghanistan,AF,AFG,Asia,Asia,Southern Asia,South Asia,66.00473366,33.83523073
country_centroids_az8.3,POINT (17.5373676815 -12.2933605438),2,1,Angola,Angola,AGO,Angola,Ang.,AO,Angola,AO,AGO,Africa,Africa,Middle Africa,Sub-Saharan Africa,17.53736768,-12.29336054
country_centroids_az8.4,POINT (-63.0649892654 18.2239595023),3,1,Anguilla,Anguilla,AIA,Anguilla,Ang.,AI,Anguilla,AI,AIA,North America,Americas,Caribbean,Latin America & Caribbean,-63.06498927,18.2239595
country_centroids_az8.5,POINT (20.0498339611 41.1424498947),4,1,Albania,Albania,ALB,Albania,Alb.,AL,Albania,AL,ALB,Europe,Europe,Southern Europe,Europe & Central Asia,20.04983396,41.14244989
country_centroids_az8.6,POINT (19.953287676 60.2148868756),5,3,Aland,Aland Islands,ALD,Aland,Aland,AI,Aland,AX,ALA,Europe,Europe,Northern Europe,Europe & Central Asia,19.95328768,60.21488688
country_centroids_az8.7,POINT (1.56054377918 42.5422910219),6,3,Andorra,Andorra,AND,Andorra,And.,AND,Andorra,AD,AND,Europe,Europe,Southern Europe,Europe & Central Asia,1.56054378,42.54229102
country_centroids_az8.8,POINT (54.3001671016 23.9052818785),7,1,United Arab Emirates,United Arab Emirates,ARE,United Arab Emirates,U.A.E.,AE,United Arab Emirates,AE,ARE,Asia,Asia,Western Asia,Middle East & North Africa,54.3001671,23.90528188
country_centroids_az8.9,POINT (-65.179806925 -35.3813487953),8,1,Argentina,Argentina,ARG,Argentina,Arg.,AR,Argentina,AR,ARG,South America,Americas,South America,Latin America & Caribbean,-65.17980692,-35.3813488
country_centroids_az8.10,POINT (44.9299327564 40.2895256919),9,1,Armenia,Armenia,ARM,Armenia,Arm.,ARM,Armenia,AM,ARM,Asia,Asia,Western Asia,Europe & Central Asia,44.92993276,40.28952569
country_centroids_az8.11,POINT (-170.718025746 -14.3044599708),10,3,American Samoa,American Samoa,ASM,American Samoa,Am. Samoa,AS,American Samoa,AS,ASM,Oceania,Oceania,Polynesia,East Asia & Pacific,-170.7180258,-14.30445997
country_centroids_az8.12,POINT (19.9210895122 -80.5085791311),11,1,Antarctica,Antarctica,ATA,Antarctica,Ant.,AQ,Antarctica,AQ,ATA,Antarctica,Antarctica,Antarctica,Antarctica,19.92108951,-80.50857913
country_centroids_az8.13,POINT (123.583837891 -12.4299316406),12,5,Ashmore and Cartier Is.,Ashmore and Cartier Islands,ATC,Ashmore and Cartier Is.,A.C.Is.,AU,Ashmore and Cartier Islands,-99,-99,Oceania,Oceania,Australia and New Zealand,East Asia & Pacific,123.5838379,-12.42993164
country_centroids_az8.14,POINT (69.2266675845 -49.2489548494),13,3,Fr. S. Antarctic Lands,French Southern and Antarctic Lands,ATF,Fr. S. and Antarctic Lands,Fr. S.A.L.,TF,French Southern and Antarctic Lands,TF,ATF,Seven seas (open ocean),Seven seas (open ocean),Seven seas (open ocean),Sub-Saharan Africa,69.22666758,-49.24895485
country_centroids_az8.15,POINT (-61.794693427 17.2774995986),14,1,Antigua and Barb.,Antigua and Barbuda,ATG,Antigua and Barb.,Ant.B.,AG,Antigua and Barbuda,AG,ATG,North America,Americas,Caribbean,Latin America & Caribbean,-61.79469343,17.2774996
country_centroids_az8.16,POINT (134.491000082 -25.7328870417),15,1,Australia,Australia,AUS,Australia,Auz.,AU,Australia,AU,AUS,Oceania,Oceania,Australia and New Zealand,East Asia & Pacific,134.4910001,-25.73288704
country_centroids_az8.17,POINT (14.1264760996 47.585494392),16,1,Austria,Austria,AUT,Austria,Aust.,A,Austria,AT,AUT,Europe,Europe,Western Europe,Europe & Central Asia,14.1264761,47.58549439
country_centroids_az8.18,POINT (47.5459987892 40.2882723471),17,1,Azerbaijan,Azerbaijan,AZE,Azerbaijan,Aze.,AZ,Azerbaijan,AZ,AZE,Asia,Asia,Western Asia,Europe & Central Asia,47.54599879,40.28827235
country_centroids_az8.19,POINT (29.8751215645 -3.35939665747),18,1,Burundi,Burundi,BDI,Burundi,Bur.,BI,Burundi,BI,BDI,Africa,Africa,Eastern Africa,Sub-Saharan Africa,29.87512156,-3.35939666
country_centroids_az8.20,POINT (4.64065113918 50.6398157556),19,1,Belgium,Belgium,BEL,Belgium,Belg.,B,Belgium,BE,BEL,Europe,Europe,Western Europe,Europe & Central Asia,4.64065114,50.63981576
country_centroids_az8.21,POINT (2.32785254449 9.64175970225),20,1,Benin,Benin,BEN,Benin,Benin,BJ,Benin,BJ,BEN,Africa,Africa,Western Africa,Sub-Saharan Africa,2.32785254,9.6417597
country_centroids_az8.22,POINT (-1.75456600914 12.2695384574),21,1,Burkina Faso,Burkina Faso,BFA,Burkina Faso,B.F.,BF,Burkina Faso,BF,BFA,Africa,Africa,Western Africa,Sub-Saharan Africa,-1.75456601,12.26953846
country_centroids_az8.23,POINT (90.2381274323 23.86731158),22,1,Bangladesh,Bangladesh,BGD,Bangladesh,Bang.,BD,Bangladesh,BD,BGD,Asia,Asia,Southern Asia,South Asia,90.23812743,23.86731158
country_centroids_az8.24,POINT (25.2155290863 42.7689031797),23,1,Bulgaria,Bulgaria,BGR,Bulgaria,Bulg.,BG,Bulgaria,BG,BGR,Europe,Europe,Eastern Europe,Europe & Central Asia,25.21552909,42.76890318
country_centroids_az8.25,POINT (50.5419693232 26.0420513477),24,1,Bahrain,Bahrain,BHR,Bahrain,Bahr.,BH,Bahrain,BH,BHR,Asia,Asia,Western Asia,Middle East & North Africa,50.54196932,26.04205135
country_centroids_az8.39,POINT (-98.3077702819 61.3620632437),38,1,Canada,Canada,CAN,Canada,Can.,CA,Canada,CA,CAN,North America,Americas,Northern America,North America,-98.30777028,61.36206324
country_centroids_az8.26,POINT (-76.6284303802 24.2903670223),25,1,Bahamas,Bahamas,BHS,Bahamas,Bhs.,BS,"Bahamas, The",BS,BHS,North America,Americas,Caribbean,Latin America & Caribbean,-76.62843038,24.29036702
country_centroids_az8.27,POINT (17.7687673323 44.1745012472),26,1,Bosnia and Herz.,Bosnia and Herzegovina,BIH,Bosnia and Herz.,B.H.,BiH,Bosnia and Herzegovina,BA,BIH,Europe,Europe,Southern Europe,Europe & Central Asia,17.76876733,44.17450125
country_centroids_az8.28,POINT (-62.8406777884 17.8988045112),27,3,St-BarthÃ©lemy,Saint-BarthÃ©lemy,BLM,St-BarthÃ©lemy,St. B.,BL,St-BarthÃ©lemy,BL,BLM,North America,Americas,Caribbean,Latin America & Caribbean,-62.84067779,17.89880451
country_centroids_az8.29,POINT (28.0320930703 53.5313137685),28,1,Belarus,Belarus,BLR,Belarus,Bela.,BY,Belarus,BY,BLR,Europe,Europe,Eastern Europe,Europe & Central Asia,28.03209307,53.53131377
country_centroids_az8.30,POINT (-88.7101048564 17.2002750902),29,1,Belize,Belize,BLZ,Belize,Belize,BZ,Belize,BZ,BLZ,North America,Americas,Central America,Latin America & Caribbean,-88.71010486,17.20027509
country_centroids_az8.31,POINT (-64.7545588982 32.3136780208),30,3,Bermuda,Bermuda,BMU,Bermuda,Berm.,BM,Bermuda,BM,BMU,North America,Americas,Northern America,North America,-64.7545589,32.31367802
country_centroids_az8.32,POINT (-64.6853864515 -16.7081478725),31,1,Bolivia,Bolivia,BOL,Bolivia,Bolivia,BO,Bolivia,BO,BOL,South America,Americas,South America,Latin America & Caribbean,-64.68538645,-16.70814787
country_centroids_az8.33,POINT (-53.0978311267 -10.7877770246),32,1,Brazil,Brazil,BRA,Brazil,Brazil,BR,Brazil,BR,BRA,South America,Americas,South America,Latin America & Caribbean,-53.09783113,-10.78777702
country_centroids_az8.34,POINT (-59.5597970021 13.1814542822),33,1,Barbados,Barbados,BRB,Barbados,Barb.,BB,Barbados,BB,BRB,North America,Americas,Caribbean,Latin America & Caribbean,-59.559797,13.18145428
country_centroids_az8.35,POINT (114.722030354 4.51968957503),34,1,Brunei,Brunei Darussalam,BRN,Brunei,Brunei,BN,Brunei,BN,BRN,Asia,Asia,South-Eastern Asia,East Asia & Pacific,114.7220304,4.51968958
country_centroids_az8.36,POINT (90.4018815525 27.4110658858),35,1,Bhutan,Bhutan,BTN,Bhutan,Bhutan,BT,Bhutan,BT,BTN,Asia,Asia,Southern Asia,South Asia,90.40188155,27.41106589
country_centroids_az8.37,POINT (23.7985336773 -22.1840321328),36,1,Botswana,Botswana,BWA,Botswana,Bwa.,BW,Botswana,BW,BWA,Africa,Africa,Southern Africa,Sub-Saharan Africa,23.79853368,-22.18403213
country_centroids_az8.38,POINT (20.4682683098 6.56823297048),37,1,Central African Rep.,Central African Republic,CAF,Central African Rep.,C.A.R.,CF,Central African Republic,CF,CAF,Africa,Africa,Middle Africa,Sub-Saharan Africa,20.46826831,6.56823297
country_centroids_az8.40,POINT (8.20867470615 46.7978587836),39,1,Switzerland,Switzerland,CHE,Switzerland,Switz.,CH,Switzerland,CH,CHE,Europe,Europe,Western Europe,Europe & Central Asia,8.20867471,46.79785878
country_centroids_az8.41,POINT (-71.3825621318 -37.730709893),40,1,Chile,Chile,CHL,Chile,Chile,CL,Chile,CL,CHL,South America,Americas,South America,Latin America & Caribbean,-71.38256213,-37.73070989
country_centroids_az8.42,POINT (103.81907349 36.5617654559),41,1,China,China,CHN,China,China,CN,China,CN,CHN,Asia,Asia,Eastern Asia,East Asia & Pacific,103.8190735,36.56176546
country_centroids_az8.43,POINT (-5.5692156998 7.62842620235),42,1,CÃ´te d'Ivoire,CÃ´te d'Ivoire,CIV,CÃ´te d'Ivoire,I.C.,CI,CÃ´te d'Ivoire,CI,CIV,Africa,Africa,Western Africa,Sub-Saharan Africa,-5.5692157,7.6284262
country_centroids_az8.44,POINT (12.7396415575 5.69109848986),43,1,Cameroon,Cameroon,CMR,Cameroon,Cam.,CM,Cameroon,CM,CMR,Africa,Africa,Middle Africa,Sub-Saharan Africa,12.73964156,5.69109849
country_centroids_az8.45,POINT (23.643961066 -2.8774628897),44,1,Dem. Rep. Congo,Democratic Republic of the Congo,COD,Democratic Republic of the Congo,D.R.C.,DRC,"Congo, Dem. Rep.",CD,COD,Africa,Africa,Middle Africa,Sub-Saharan Africa,23.64396107,-2.87746289
country_centroids_az8.46,POINT (15.2196576195 -0.837874631184),45,1,Congo,Republic of Congo,COG,Republic of Congo,Rep. Congo,CG,"Congo, Rep.",CG,COG,Africa,Africa,Middle Africa,Sub-Saharan Africa,15.21965762,-0.83787463
country_centroids_az8.47,POINT (-159.787242185 -21.2192728815),46,3,Cook Is.,Cook Islands,COK,Cook Is.,Cook Is.,CK,Cook Islands,CK,COK,Oceania,Oceania,Polynesia,East Asia & Pacific,-159.7872422,-21.21927288
country_centroids_az8.48,POINT (-73.0811458241 3.91383430725),47,1,Colombia,Colombia,COL,Colombia,Col.,CO,Colombia,CO,COL,South America,Americas,South America,Latin America & Caribbean,-73.08114582,3.91383431
country_centroids_az8.49,POINT (43.6825396848 -11.8778344355),48,1,Comoros,Comoros,COM,Comoros,Com.,KM,Comoros,KM,COM,Africa,Africa,Eastern Africa,Sub-Saharan Africa,43.68253968,-11.87783444
country_centroids_az8.50,POINT (-23.9598882026 15.9552332421),49,1,Cape Verde,Cape Verde,CPV,Cape Verde,C.Vd.,CV,Cape Verde,CV,CPV,Africa,Africa,Western Africa,Sub-Saharan Africa,-23.9598882,15.95523324
country_centroids_az8.51,POINT (-84.1920876775 9.9763446384),50,1,Costa Rica,Costa Rica,CRI,Costa Rica,C.R.,CR,Costa Rica,CR,CRI,North America,Americas,Central America,Latin America & Caribbean,-84.19208768,9.97634464
country_centroids_az8.52,POINT (-79.0160538445 21.6228952793),51,1,Cuba,Cuba,CUB,Cuba,Cuba,CU,Cuba,CU,CUB,North America,Americas,Caribbean,Latin America & Caribbean,-79.01605384,21.62289528
country_centroids_az8.53,POINT (-68.971193688 12.1955167546),52,3,CuraÃ§ao,CuraÃ§ao,CUW,CuraÃ§ao,Cur.,CW,CuraÃ§ao,CW,CUW,North America,Americas,Caribbean,Latin America & Caribbean,-68.97119369,12.19551675
country_centroids_az8.54,POINT (-80.9121332147 19.4289649722),53,1,Cayman Is.,Cayman Islands,CYM,Cayman Is.,Cym. Is.,KY,Cayman Islands,KY,CYM,North America,Americas,Caribbean,Latin America & Caribbean,-80.91213321,19.42896497
country_centroids_az8.55,POINT (33.5684812974 35.2627748562),54,1,N. Cyprus,Northern Cyprus,B20,N. Cyprus,N. Cy.,CN,"Cyprus, Northern",-99,-99,Asia,Asia,Western Asia,Europe & Central Asia,33.5684813,35.26277486
country_centroids_az8.56,POINT (33.0060021957 34.916672112),55,1,Cyprus,Cyprus,CYP,Cyprus,Cyp.,CY,Cyprus,CY,CYP,Asia,Asia,Western Asia,Europe & Central Asia,33.0060022,34.91667211
country_centroids_az8.57,POINT (15.3124016281 49.7334123295),56,1,Czech Rep.,Czech Republic,CZE,Czech Rep.,Cz. Rep.,CZ,Czech Republic,CZ,CZE,Europe,Europe,Eastern Europe,Europe & Central Asia,15.31240163,49.73341233
country_centroids_az8.58,POINT (10.385780508 51.1069818075),57,1,Germany,Germany,DEU,Germany,Ger.,D,Germany,DE,DEU,Europe,Europe,Western Europe,Europe & Central Asia,10.38578051,51.10698181
country_centroids_az8.59,POINT (42.5606754026 11.7487180559),58,1,Djibouti,Djibouti,DJI,Djibouti,Dji.,DJ,Djibouti,DJ,DJI,Africa,Africa,Eastern Africa,Middle East & North Africa,42.5606754,11.74871806
country_centroids_az8.60,POINT (-61.3577259987 15.4394702029),59,1,Dominica,Dominica,DMA,Dominica,D'inca,DM,Dominica,DM,DMA,North America,Americas,Caribbean,Latin America & Caribbean,-61.357726,15.4394702
country_centroids_az8.61,POINT (10.0280099191 55.9812529593),60,1,Denmark,Denmark,DNK,Denmark,Den.,DK,Denmark,DK,DNK,Europe,Europe,Northern Europe,Europe & Central Asia,10.02800992,55.98125296
country_centroids_az8.62,POINT (-70.5056889612 18.8943308233),61,1,Dominican Rep.,Dominican Republic,DOM,Dominican Rep.,Dom. Rep.,DO,Dominican Republic,DO,DOM,North America,Americas,Caribbean,Latin America & Caribbean,-70.50568896,18.89433082
country_centroids_az8.63,POINT (2.6173230092 28.1589384945),62,1,Algeria,Algeria,DZA,Algeria,Alg.,DZ,Algeria,DZ,DZA,Africa,Africa,Northern Africa,Middle East & North Africa,2.61732301,28.15893849
country_centroids_az8.64,POINT (-78.752019225 -1.42381612488),63,1,Ecuador,Ecuador,ECU,Ecuador,Ecu.,EC,Ecuador,EC,ECU,South America,Americas,South America,Latin America & Caribbean,-78.75201922,-1.42381612
country_centroids_az8.65,POINT (29.8619009908 26.4959331064),64,1,Egypt,Egypt,EGY,Egypt,Egypt,EG,"Egypt, Arab Rep.",EG,EGY,Africa,Africa,Northern Africa,Middle East & North Africa,29.86190099,26.49593311
country_centroids_az8.66,POINT (38.8461701125 15.361866184),65,1,Eritrea,Eritrea,ERI,Eritrea,Erit.,ER,Eritrea,ER,ERI,Africa,Africa,Eastern Africa,Sub-Saharan Africa,38.84617011,15.36186618
country_centroids_az8.67,POINT (-3.64755047323 40.2444869811),66,1,Spain,Spain,ESP,Spain,Sp.,E,Spain,ES,ESP,Europe,Europe,Southern Europe,Europe & Central Asia,-3.64755047,40.24448698
country_centroids_az8.68,POINT (25.5424853656 58.6719297173),67,1,Estonia,Estonia,EST,Estonia,Est.,EST,Estonia,EE,EST,Europe,Europe,Northern Europe,Europe & Central Asia,25.54248537,58.67192972
country_centroids_az8.69,POINT (39.6008009763 8.6227867931),68,1,Ethiopia,Ethiopia,ETH,Ethiopia,Eth.,ET,Ethiopia,ET,ETH,Africa,Africa,Eastern Africa,Sub-Saharan Africa,39.60080098,8.62278679
country_centroids_az8.70,POINT (26.2746656042 64.4988460349),69,1,Finland,Finland,FIN,Finland,Fin.,FIN,Finland,FI,FIN,Europe,Europe,Northern Europe,Europe & Central Asia,26.2746656,64.49884603
country_centroids_az8.71,POINT (165.451954318 -17.4285803175),70,1,Fiji,Fiji,FJI,Fiji,Fiji,FJ,Fiji,FJ,FJI,Oceania,Oceania,Melanesia,East Asia & Pacific,165.4519543,-17.42858032
country_centroids_az8.72,POINT (-59.35238956 -51.7448395441),71,1,Falkland Is.,Falkland Islands,B12,Falkland Is.,Flk. Is.,FK,Falkland Islands,FK,FLK,South America,Americas,South America,Latin America & Caribbean,-59.35238956,-51.74483954
country_centroids_az8.73,POINT (-2.76172944519 42.1734401107),72,1,France,France,FRA,France,Fr.,F,France,FR,FRA,Europe,Europe,Western Europe,Europe & Central Asia,-2.76172945,42.17344011
country_centroids_az8.74,POINT (-6.88095423426 62.0538540321),73,3,Faeroe Is.,Faeroe Islands,FRO,Faeroe Islands,Faeroe Is.,FO,Faeroe Islands,FO,FRO,Europe,Europe,Northern Europe,Europe & Central Asia,-6.88095423,62.05385403
country_centroids_az8.75,POINT (153.239437922 7.45246813659),74,3,Micronesia,Federated States of Micronesia,FSM,Micronesia,F.S.M.,FSM,"Micronesia, Federated States of",FM,FSM,Oceania,Oceania,Micronesia,East Asia & Pacific,153.2394379,7.45246814
country_centroids_az8.76,POINT (11.7886286968 -0.586600249551),75,1,Gabon,Gabon,GAB,Gabon,Gabon,GA,Gabon,GA,GAB,Africa,Africa,Middle Africa,Sub-Saharan Africa,11.7886287,-0.58660025
country_centroids_az8.77,POINT (-2.86563164084 54.1238715577),76,1,United Kingdom,United Kingdom,GBR,United Kingdom,U.K.,GB,United Kingdom,GB,GBR,Europe,Europe,Northern Europe,Europe & Central Asia,-2.86563164,54.12387156
country_centroids_az8.78,POINT (43.50780252 42.1685575537),77,1,Georgia,Georgia,GEO,Georgia,Geo.,GE,Georgia,GE,GEO,Asia,Asia,Western Asia,Europe & Central Asia,43.50780252,42.16855755
country_centroids_az8.79,POINT (-2.57239063555 49.4680976128),78,4,Guernsey,Guernsey,GGY,Guernsey,Guern.,GG,Guernsey,GG,GGY,Europe,Europe,Northern Europe,Europe & Central Asia,-2.57239064,49.46809761
country_centroids_az8.80,POINT (-1.21676565807 7.95345643541),79,1,Ghana,Ghana,GHA,Ghana,Ghana,GH,Ghana,GH,GHA,Africa,Africa,Western Africa,Sub-Saharan Africa,-1.21676566,7.95345644
country_centroids_az8.81,POINT (-10.9406661161 10.4362159331),80,1,Guinea,Guinea,GIN,Guinea,Gin.,GN,Guinea,GN,GIN,Africa,Africa,Western Africa,Sub-Saharan Africa,-10.94066612,10.43621593
country_centroids_az8.82,POINT (-15.3960129463 13.4496524352),81,1,Gambia,The Gambia,GMB,Gambia,Gambia,GM,"Gambia, The",GM,GMB,Africa,Africa,Western Africa,Sub-Saharan Africa,-15.39601295,13.44965244
country_centroids_az8.83,POINT (-14.9497244459 12.0474494815),82,1,Guinea-Bissau,Guinea-Bissau,GNB,Guinea-Bissau,GnB.,GW,Guinea-Bissau,GW,GNB,Africa,Africa,Western Africa,Sub-Saharan Africa,-14.94972445,12.04744948
country_centroids_az8.84,POINT (10.3413792389 1.70555135464),83,1,Eq. Guinea,Equatorial Guinea,GNQ,Eq. Guinea,Eq. G.,GQ,Equatorial Guinea,GQ,GNQ,Africa,Africa,Middle Africa,Sub-Saharan Africa,10.34137924,1.70555135
country_centroids_az8.85,POINT (22.9555579369 39.0746962307),84,1,Greece,Greece,GRC,Greece,Greece,GR,Greece,GR,GRC,Europe,Europe,Southern Europe,Europe & Central Asia,22.95555794,39.07469623
country_centroids_az8.86,POINT (-61.6822018889 12.1172504395),85,1,Grenada,Grenada,GRD,Grenada,Gren.,GD,Grenada,GD,GRD,North America,Americas,Caribbean,Latin America & Caribbean,-61.68220189,12.11725044
country_centroids_az8.87,POINT (-41.34191127 74.7105128864),86,1,Greenland,Greenland,GRL,Greenland,Grlnd.,GL,Greenland,GL,GRL,North America,Americas,Northern America,Europe & Central Asia,-41.34191127,74.71051289
country_centroids_az8.88,POINT (-90.3648200858 15.694036635),87,1,Guatemala,Guatemala,GTM,Guatemala,Guat.,GT,Guatemala,GT,GTM,North America,Americas,Central America,Latin America & Caribbean,-90.36482009,15.69403664
country_centroids_az8.89,POINT (144.76791022 13.441656257),88,3,Guam,Guam,GUM,Guam,Guam,GU,Guam,GU,GUM,Oceania,Oceania,Micronesia,East Asia & Pacific,144.7679102,13.44165626
country_centroids_az8.90,POINT (-58.9820245893 4.79378034012),89,1,Guyana,Guyana,GUY,Guyana,Guy.,GY,Guyana,GY,GUY,South America,Americas,South America,Latin America & Caribbean,-58.98202459,4.79378034
country_centroids_az8.91,POINT (114.113804542 22.3982773723),90,3,Hong Kong,Hong Kong,HKG,Hong Kong,H.K.,HK,"Hong Kong SAR, China",HK,HKG,Asia,Asia,Eastern Asia,East Asia & Pacific,114.1138045,22.39827737
country_centroids_az8.92,POINT (73.5205171004 -53.0872465618),91,5,Heard I. and McDonald Is.,Heard I. and McDonald Islands,HMD,Heard I. and McDonald Is.,H.M.Is.,HM,Heard Island and McDonald Islands,HM,HMD,Seven seas (open ocean),Seven seas (open ocean),Seven seas (open ocean),Sub-Saharan Africa,73.5205171,-53.08724656
country_centroids_az8.93,POINT (-86.6151660963 14.8268816519),92,1,Honduras,Honduras,HND,Honduras,Hond.,HN,Honduras,HN,HND,North America,Americas,Central America,Latin America & Caribbean,-86.6151661,14.82688165
country_centroids_az8.94,POINT (16.404128994 45.0804763057),93,1,Croatia,Croatia,HRV,Croatia,Cro.,HR,Croatia,HR,HRV,Europe,Europe,Southern Europe,Europe & Central Asia,16.40412899,45.08047631
country_centroids_az8.95,POINT (-72.6852750899 18.9350256343),94,1,Haiti,Haiti,HTI,Haiti,Haiti,HT,Haiti,HT,HTI,North America,Americas,Caribbean,Latin America & Caribbean,-72.68527509,18.93502563
country_centroids_az8.96,POINT (19.3955911607 47.1627750614),95,1,Hungary,Hungary,HUN,Hungary,Hun.,HU,Hungary,HU,HUN,Europe,Europe,Eastern Europe,Europe & Central Asia,19.39559116,47.16277506
country_centroids_az8.97,POINT (117.240113662 -2.21505456346),96,1,Indonesia,Indonesia,IDN,Indonesia,Indo.,INDO,Indonesia,ID,IDN,Asia,Asia,South-Eastern Asia,East Asia & Pacific,117.2401137,-2.21505456
country_centroids_az8.98,POINT (-4.53873952326 54.2241891077),97,3,Isle of Man,Isle of Man,IMN,Isle of Man,IoMan,IM,Isle of Man,IM,IMN,Europe,Europe,Northern Europe,Europe & Central Asia,-4.53873952,54.22418911
country_centroids_az8.99,POINT (79.6119761026 22.8857821183),98,1,India,India,IND,India,India,IND,India,IN,IND,Asia,Asia,Southern Asia,South Asia,79.6119761,22.88578212
country_centroids_az8.100,POINT (104.851897952 -10.6478514973),99,5,Indian Ocean Ter.,Indian Ocean Territories,IOA,Indian Ocean Ter.,Ind. Oc. Ter.,IOT,Indian Ocean Territories,-99,-99,Asia,Seven seas (open ocean),Seven seas (open ocean),East Asia & Pacific,104.851898,-10.6478515
country_centroids_az8.101,POINT (72.4454122854 -7.33059750749),100,3,Br. Indian Ocean Ter.,British Indian Ocean Territory,B69,Br. Indian Ocean Ter.,I.O.T.,IO,British Indian Ocean Territory,IO,IOT,Seven seas (open ocean),Seven seas (open ocean),Seven seas (open ocean),Sub-Saharan Africa,72.44541229,-7.33059751
country_centroids_az8.102,POINT (-8.13793568667 53.175448704),101,1,Ireland,Ireland,IRL,Ireland,Ire.,IRL,Ireland,IE,IRL,Europe,Europe,Northern Europe,Europe & Central Asia,-8.13793569,53.1754487
country_centroids_az8.103,POINT (54.2740700448 32.575032915),102,1,Iran,Iran,IRN,Iran,Iran,IRN,"Iran, Islamic Rep.",IR,IRN,Asia,Asia,Southern Asia,Middle East & North Africa,54.27407004,32.57503292
country_centroids_az8.104,POINT (43.7435314888 33.0397058232),103,1,Iraq,Iraq,IRQ,Iraq,Iraq,IRQ,Iraq,IQ,IRQ,Asia,Asia,Western Asia,Middle East & North Africa,43.74353149,33.03970582
country_centroids_az8.105,POINT (-18.5739616708 64.9957538607),104,1,Iceland,Iceland,ISL,Iceland,Iceland,IS,Iceland,IS,ISL,Europe,Europe,Northern Europe,Europe & Central Asia,-18.57396167,64.99575386
country_centroids_az8.106,POINT (35.0044469277 31.4611010118),105,1,Israel,Israel,ISR,Israel,Isr.,IS,Israel,IL,ISR,Asia,Asia,Western Asia,Middle East & North Africa,35.00444693,31.46110101
country_centroids_az8.107,POINT (12.0700133907 42.796626414),106,1,Italy,Italy,ITA,Italy,Italy,I,Italy,IT,ITA,Europe,Europe,Southern Europe,Europe & Central Asia,12.07001339,42.79662641
country_centroids_az8.108,POINT (-77.3148259327 18.1569487765),107,1,Jamaica,Jamaica,JAM,Jamaica,Jam.,J,Jamaica,JM,JAM,North America,Americas,Caribbean,Latin America & Caribbean,-77.31482593,18.15694878
country_centroids_az8.109,POINT (-2.12689937944 49.2183737668),108,4,Jersey,Jersey,JEY,Jersey,Jey.,JE,Jersey,JE,JEY,Europe,Europe,Northern Europe,Europe & Central Asia,-2.12689938,49.21837377
country_centroids_az8.110,POINT (36.7713610402 31.2457909121),109,1,Jordan,Jordan,JOR,Jordan,Jord.,J,Jordan,JO,JOR,Asia,Asia,Western Asia,Middle East & North Africa,36.77136104,31.24579091
country_centroids_az8.111,POINT (138.030895577 37.592301353),110,1,Japan,Japan,JPN,Japan,Japan,J,Japan,JP,JPN,Asia,Asia,Eastern Asia,East Asia & Pacific,138.0308956,37.59230135
country_centroids_az8.112,POINT (77.180118652 35.3923632479),111,1,Siachen Glacier,Siachen Glacier,B45,Siachen Glacier,Siachen,SG,Kashmir,-99,-99,Asia,Asia,Southern Asia,South Asia,77.18011865,35.39236325
country_centroids_az8.113,POINT (67.2914935687 48.1568806661),112,1,Kazakhstan,Kazakhstan,KAZ,Kazakhstan,Kaz.,KZ,Kazakhstan,KZ,KAZ,Asia,Asia,Central Asia,Europe & Central Asia,67.29149357,48.15688067
country_centroids_az8.114,POINT (37.7959397293 0.599880215445),113,1,Kenya,Kenya,KEN,Kenya,Ken.,KE,Kenya,KE,KEN,Africa,Africa,Eastern Africa,Sub-Saharan Africa,37.79593973,0.59988022
country_centroids_az8.115,POINT (74.5416551329 41.4622194346),114,1,Kyrgyzstan,Kyrgyzstan,KGZ,Kyrgyzstan,Kgz.,KG,Kyrgyz Republic,KG,KGZ,Asia,Asia,Central Asia,Europe & Central Asia,74.54165513,41.46221943
country_centroids_az8.116,POINT (104.906943249 12.7200478567),115,1,Cambodia,Cambodia,KHM,Cambodia,Camb.,KH,Cambodia,KH,KHM,Asia,Asia,South-Eastern Asia,East Asia & Pacific,104.9069433,12.72004786
country_centroids_az8.117,POINT (-45.6111051329 0.86001503171),116,1,Kiribati,Kiribati,KIR,Kiribati,Kir.,KI,Kiribati,KI,KIR,Oceania,Oceania,Micronesia,East Asia & Pacific,-45.61110513,0.86001503
country_centroids_az8.118,POINT (-62.6875526496 17.2645995047),117,1,St. Kitts and Nevis,Saint Kitts and Nevis,KNA,Saint Kitts and Nevis,St.K.N.,KN,St. Kitts and Nevis,KN,KNA,North America,Americas,Caribbean,Latin America & Caribbean,-62.68755265,17.2645995
country_centroids_az8.119,POINT (127.839160864 36.3852398347),118,1,Korea,Republic of Korea,KOR,Republic of Korea,S.K.,KR,"Korea, Rep.",KR,KOR,Asia,Asia,Eastern Asia,East Asia & Pacific,127.8391609,36.38523983
country_centroids_az8.120,POINT (20.8724981138 42.5707870668),119,1,Kosovo,Kosovo,B57,Kosovo,Kos.,KO,Kosovo,-99,-99,Europe,Europe,Southern Europe,Europe & Central Asia,20.87249811,42.57078707
country_centroids_az8.121,POINT (47.5870045889 29.3343126157),120,1,Kuwait,Kuwait,KWT,Kuwait,Kwt.,KW,Kuwait,KW,KWT,Asia,Asia,Western Asia,Middle East & North Africa,47.58700459,29.33431262
country_centroids_az8.122,POINT (103.73772412 18.5021743316),121,1,Lao PDR,Lao PDR,LAO,Laos,Laos,LA,Lao PDR,LA,LAO,Asia,Asia,South-Eastern Asia,East Asia & Pacific,103.7377241,18.50217433
country_centroids_az8.123,POINT (35.880160715 33.9230663057),122,1,Lebanon,Lebanon,LBN,Lebanon,Leb.,LB,Lebanon,LB,LBN,Asia,Asia,Western Asia,Middle East & North Africa,35.88016072,33.92306631
country_centroids_az8.124,POINT (-9.3220757269 6.45278491657),123,1,Liberia,Liberia,LBR,Liberia,Liberia,LR,Liberia,LR,LBR,Africa,Africa,Western Africa,Sub-Saharan Africa,-9.32207573,6.45278492
country_centroids_az8.125,POINT (18.0086616872 27.0309449491),124,1,Libya,Libya,LBY,Libya,Libya,LY,Libya,LY,LBY,Africa,Africa,Northern Africa,Middle East & North Africa,18.00866169,27.03094495
country_centroids_az8.126,POINT (-60.9696992253 13.8947948145),125,1,Saint Lucia,Saint Lucia,LCA,Saint Lucia,S.L.,LC,St. Lucia,LC,LCA,North America,Americas,Caribbean,Latin America & Caribbean,-60.96969923,13.89479481
country_centroids_az8.127,POINT (9.53574311779 47.1366583545),126,1,Liechtenstein,Liechtenstein,LIE,Liechtenstein,Liech.,FL,Liechtenstein,LI,LIE,Europe,Europe,Western Europe,Europe & Central Asia,9.53574312,47.13665835
country_centroids_az8.128,POINT (80.7010823782 7.61266509224),127,1,Sri Lanka,Sri Lanka,LKA,Sri Lanka,Sri L.,LK,Sri Lanka,LK,LKA,Asia,Asia,Southern Asia,South Asia,80.70108238,7.61266509
country_centroids_az8.129,POINT (28.2272313098 -29.5800318833),128,1,Lesotho,Lesotho,LSO,Lesotho,Les.,LS,Lesotho,LS,LSO,Africa,Africa,Southern Africa,Sub-Saharan Africa,28.22723131,-29.58003188
country_centroids_az8.130,POINT (23.8871935548 55.3261098445),129,1,Lithuania,Lithuania,LTU,Lithuania,Lith.,LT,Lithuania,LT,LTU,Europe,Europe,Northern Europe,Europe & Central Asia,23.88719355,55.32610984
country_centroids_az8.131,POINT (6.07182201066 49.7672536068),130,1,Luxembourg,Luxembourg,LUX,Luxembourg,Lux.,L,Luxembourg,LU,LUX,Europe,Europe,Western Europe,Europe & Central Asia,6.07182201,49.76725361
country_centroids_az8.132,POINT (24.9123598332 56.8508516268),131,1,Latvia,Latvia,LVA,Latvia,Lat.,LV,Latvia,LV,LVA,Europe,Europe,Northern Europe,Europe & Central Asia,24.91235983,56.85085163
country_centroids_az8.133,POINT (113.509321162 22.2231168835),132,3,Macao,Macao,MAC,Macao,Mac.,MO,"Macao SAR, China",MO,MAC,Asia,Asia,Eastern Asia,East Asia & Pacific,113.5093212,22.22311688
country_centroids_az8.134,POINT (-63.0597285144 18.0888861095),133,3,St-Martin,Saint-Martin,MAF,Saint-Martin,St. M.,MF,St. Martin (French part),MF,MAF,North America,Americas,Caribbean,Latin America & Caribbean,-63.05972851,18.08888611
country_centroids_az8.135,POINT (-8.45615794798 29.8376295469),134,1,Morocco,Morocco,MAR,Morocco,Mor.,MA,Morocco,MA,MAR,Africa,Africa,Northern Africa,Middle East & North Africa,-8.45615795,29.83762955
country_centroids_az8.136,POINT (7.40627676856 43.7527462672),135,6,Monaco,Monaco,MCO,Monaco,Mco.,MC,Monaco,MC,MCO,Europe,Europe,Western Europe,Europe & Central Asia,7.40627677,43.75274627
country_centroids_az8.137,POINT (28.4567337241 47.1949880442),136,1,Moldova,Moldova,MDA,Moldova,Mda.,MD,Moldova,MD,MDA,Europe,Europe,Eastern Europe,Europe & Central Asia,28.45673372,47.19498804
country_centroids_az8.138,POINT (46.7047367428 -19.3718958677),137,1,Madagascar,Madagascar,MDG,Madagascar,Mad.,MG,Madagascar,MG,MDG,Africa,Africa,Eastern Africa,Sub-Saharan Africa,46.70473674,-19.37189587
country_centroids_az8.139,POINT (73.4571300419 3.72870919988),138,3,Maldives,Maldives,MDV,Maldives,Mald.,MV,Maldives,MV,MDV,Seven seas (open ocean),Asia,Southern Asia,South Asia,73.45713004,3.7287092
country_centroids_az8.140,POINT (-102.523451692 23.9475372406),139,1,Mexico,Mexico,MEX,Mexico,Mex.,MX,Mexico,MX,MEX,North America,Americas,Central America,Latin America & Caribbean,-102.5234517,23.94753724
country_centroids_az8.141,POINT (170.339761224 7.00376358315),140,5,Marshall Is.,Marshall Islands,MHL,Marshall Is.,M. Is.,MH,Marshall Islands,MH,MHL,Oceania,Oceania,Micronesia,East Asia & Pacific,170.3397612,7.00376358
country_centroids_az8.142,POINT (21.6821134607 41.5953089336),141,1,Macedonia,Macedonia,MKD,Macedonia,Mkd.,MK,"Macedonia, FYR",MK,MKD,Europe,Europe,Southern Europe,Europe & Central Asia,21.68211346,41.59530893
country_centroids_az8.143,POINT (-3.54269064851 17.3458158135),142,1,Mali,Mali,MLI,Mali,Mali,ML,Mali,ML,MLI,Africa,Africa,Western Africa,Sub-Saharan Africa,-3.54269065,17.34581581
country_centroids_az8.144,POINT (14.4052331643 35.9214963221),143,3,Malta,Malta,MLT,Malta,Malta,M,Malta,MT,MLT,Europe,Europe,Southern Europe,Middle East & North Africa,14.40523316,35.92149632
country_centroids_az8.145,POINT (96.4884332104 21.1856659927),144,1,Myanmar,Myanmar,MMR,Myanmar,Myan.,MM,Myanmar,MM,MMR,Asia,Asia,South-Eastern Asia,East Asia & Pacific,96.48843321,21.18566599
country_centroids_az8.146,POINT (19.2388393925 42.7889025929),145,1,Montenegro,Montenegro,MNE,Montenegro,Mont.,ME,Montenegro,ME,MNE,Europe,Europe,Southern Europe,Europe & Central Asia,19.23883939,42.78890259
country_centroids_az8.147,POINT (103.052997649 46.8268154394),146,1,Mongolia,Mongolia,MNG,Mongolia,Mong.,MN,Mongolia,MN,MNG,Asia,Asia,Eastern Asia,East Asia & Pacific,103.0529977,46.82681544
country_centroids_az8.148,POINT (145.619696513 15.8292756277),147,3,N. Mariana Is.,Northern Mariana Islands,MNP,N. Mariana Is.,N.M.I.,MP,Northern Mariana Islands,MP,MNP,Oceania,Oceania,Micronesia,East Asia & Pacific,145.6196965,15.82927563
country_centroids_az8.149,POINT (35.5336754259 -17.2738164259),148,1,Mozambique,Mozambique,MOZ,Mozambique,Moz.,MZ,Mozambique,MZ,MOZ,Africa,Africa,Eastern Africa,Sub-Saharan Africa,35.53367543,-17.27381643
country_centroids_az8.150,POINT (-10.3477981455 20.257367056),149,1,Mauritania,Mauritania,MRT,Mauritania,Mrt.,MR,Mauritania,MR,MRT,Africa,Africa,Western Africa,Sub-Saharan Africa,-10.34779815,20.25736706
country_centroids_az8.151,POINT (-62.1851854562 16.7394140553),150,3,Montserrat,Montserrat,MSR,Montserrat,Monts.,MS,Montserrat,MS,MSR,North America,Americas,Caribbean,Latin America & Caribbean,-62.18518546,16.73941406
country_centroids_az8.152,POINT (57.5712055061 -20.2776870433),151,1,Mauritius,Mauritius,MUS,Mauritius,Mus.,MU,Mauritius,MU,MUS,Seven seas (open ocean),Africa,Eastern Africa,Sub-Saharan Africa,57.57120551,-20.27768704
country_centroids_az8.153,POINT (34.2893559871 -13.2180808806),152,1,Malawi,Malawi,MWI,Malawi,Mal.,MW,Malawi,MW,MWI,Africa,Africa,Eastern Africa,Sub-Saharan Africa,34.28935599,-13.21808088
country_centroids_az8.154,POINT (109.697622843 3.78986845571),153,1,Malaysia,Malaysia,MYS,Malaysia,Malay.,MY,Malaysia,MY,MYS,Asia,Asia,South-Eastern Asia,East Asia & Pacific,109.6976228,3.78986846
country_centroids_az8.155,POINT (17.209635667 -22.1303256842),154,1,Namibia,Namibia,NAM,Namibia,Nam.,NA,Namibia,NA,NAM,Africa,Africa,Southern Africa,Sub-Saharan Africa,17.20963567,-22.13032568
country_centroids_az8.156,POINT (165.684923735 -21.299918058),155,1,New Caledonia,New Caledonia,NCL,New Caledonia,New C.,NC,New Caledonia,NC,NCL,Oceania,Oceania,Melanesia,East Asia & Pacific,165.6849237,-21.29991806
country_centroids_az8.157,POINT (9.38545881539 17.4191249296),156,1,Niger,Niger,NER,Niger,Niger,NE,Niger,NE,NER,Africa,Africa,Western Africa,Sub-Saharan Africa,9.38545882,17.41912493
country_centroids_az8.158,POINT (167.949216782 -29.0514609044),157,5,Norfolk Island,Norfolk Island,NFK,Norfolk Island,Nfk. I.,NF,Norfolk Island,NF,NFK,Oceania,Oceania,Australia and New Zealand,East Asia & Pacific,167.9492168,-29.0514609
country_centroids_az8.159,POINT (8.08943894771 9.59411452233),158,1,Nigeria,Nigeria,NGA,Nigeria,Nigeria,NG,Nigeria,NG,NGA,Africa,Africa,Western Africa,Sub-Saharan Africa,8.08943895,9.59411452
country_centroids_az8.160,POINT (-85.0305296951 12.8470942896),159,1,Nicaragua,Nicaragua,NIC,Nicaragua,Nic.,NI,Nicaragua,NI,NIC,North America,Americas,Central America,Latin America & Caribbean,-85.0305297,12.84709429
country_centroids_az8.161,POINT (-169.869946819 -19.0494570813),160,3,Niue,Niue,NIU,Niue,Niue,NU,Niue,NU,NIU,Oceania,Oceania,Polynesia,East Asia & Pacific,-169.8699468,-19.04945708
country_centroids_az8.162,POINT (5.28144793007 52.1007899002),161,1,Netherlands,Netherlands,NLD,Netherlands,Neth.,NL,Netherlands,NL,NLD,Europe,Europe,Western Europe,Europe & Central Asia,5.28144793,52.1007899
country_centroids_az8.163,POINT (15.3483465622 68.7501557205),162,1,Norway,Norway,NOR,Norway,Nor.,N,Norway,NO,NOR,Europe,Europe,Northern Europe,Europe & Central Asia,15.34834656,68.75015572
country_centroids_az8.164,POINT (83.9158264002 28.2489136496),163,1,Nepal,Nepal,NPL,Nepal,Nepal,NP,Nepal,NP,NPL,Asia,Asia,Southern Asia,South Asia,83.9158264,28.24891365
country_centroids_az8.165,POINT (166.932568234 -0.519126389522),164,3,Nauru,Nauru,NRU,Nauru,Nauru,NR,Nauru,NR,NRU,Oceania,Oceania,Micronesia,East Asia & Pacific,166.9325682,-0.51912639
country_centroids_az8.166,POINT (171.484923466 -41.811135569),165,1,New Zealand,New Zealand,NZL,New Zealand,N.Z.,NZ,New Zealand,NZ,NZL,Oceania,Oceania,Australia and New Zealand,East Asia & Pacific,171.4849235,-41.81113557
country_centroids_az8.167,POINT (56.0916615483 20.6051533257),166,1,Oman,Oman,OMN,Oman,Oman,OM,Oman,OM,OMN,Asia,Asia,Western Asia,Middle East & North Africa,56.09166155,20.60515333
country_centroids_az8.168,POINT (69.3395793748 29.9497515031),167,1,Pakistan,Pakistan,PAK,Pakistan,Pak.,PK,Pakistan,PK,PAK,Asia,Asia,Southern Asia,South Asia,69.33957937,29.9497515
country_centroids_az8.169,POINT (-80.1191515612 8.51750797491),168,1,Panama,Panama,PAN,Panama,Pan.,PA,Panama,PA,PAN,North America,Americas,Central America,Latin America & Caribbean,-80.11915156,8.51750797
country_centroids_az8.170,POINT (-128.317042024 -24.365005346),169,3,Pitcairn Is.,Pitcairn Islands,PCN,Pitcairn Is.,Pit. Is.,PN,Pitcairn Islands,PN,PCN,Oceania,Oceania,Polynesia,East Asia & Pacific,-128.317042,-24.36500535
country_centroids_az8.171,POINT (-74.382426851 -9.15280381329),170,1,Peru,Peru,PER,Peru,Peru,PE,Peru,PE,PER,South America,Americas,South America,Latin America & Caribbean,-74.38242685,-9.15280381
country_centroids_az8.172,POINT (122.883932529 11.7753677809),171,1,Philippines,Philippines,PHL,Philippines,Phil.,PH,Philippines,PH,PHL,Asia,Asia,South-Eastern Asia,East Asia & Pacific,122.8839325,11.77536778
country_centroids_az8.173,POINT (134.408079655 7.28742783603),172,1,Palau,Palau,PLW,Palau,Palau,PW,Palau,PW,PLW,Oceania,Oceania,Micronesia,East Asia & Pacific,134.4080797,7.28742784
country_centroids_az8.174,POINT (145.207447524 -6.46416646083),173,1,Papua New Guinea,Papua New Guinea,PN1,Papua New Guinea,P.N.G.,PG,Papua New Guinea,PG,PNG,Oceania,Oceania,Melanesia,East Asia & Pacific,145.2074475,-6.46416646
country_centroids_az8.175,POINT (19.3901283493 52.1275956442),174,1,Poland,Poland,POL,Poland,Pol.,PL,Poland,PL,POL,Europe,Europe,Eastern Europe,Europe & Central Asia,19.39012835,52.12759564
country_centroids_az8.176,POINT (-66.4730760435 18.2281305461),175,1,Puerto Rico,Puerto Rico,PRI,Puerto Rico,P.R.,PR,Puerto Rico,PR,PRI,North America,Americas,Caribbean,Latin America & Caribbean,-66.47307604,18.22813055
country_centroids_az8.177,POINT (127.192479732 40.1535031093),176,1,Dem. Rep. Korea,Dem. Rep. Korea,PRK,Dem. Rep. Korea,N.K.,KP,"Korea, Dem. Rep.",KP,PRK,Asia,Asia,Eastern Asia,East Asia & Pacific,127.1924797,40.15350311
country_centroids_az8.178,POINT (-8.50104361268 39.5955067145),177,1,Portugal,Portugal,PR1,Portugal,Port.,P,Portugal,PT,PRT,Europe,Europe,Southern Europe,Europe & Central Asia,-8.50104361,39.59550671
country_centroids_az8.179,POINT (-58.400137032 -23.228239132),178,1,Paraguay,Paraguay,PRY,Paraguay,Para.,PY,Paraguay,PY,PRY,South America,Americas,South America,Latin America & Caribbean,-58.40013703,-23.22823913
country_centroids_az8.180,POINT (35.1962870549 31.9161389264),179,1,Palestine,Palestine,PSX,Palestine,Pal.,PAL,Palestine (West Bank and Gaza),PS,PSE,Asia,Asia,Western Asia,Middle East & North Africa,35.19628705,31.91613893
country_centroids_az8.181,POINT (-144.904943869 -14.7222740899),180,3,Fr. Polynesia,French Polynesia,PYF,Fr. Polynesia,Fr. Poly.,PF,French Polynesia,PF,PYF,Oceania,Oceania,Polynesia,East Asia & Pacific,-144.9049439,-14.72227409
country_centroids_az8.182,POINT (51.1847963212 25.3060118763),181,1,Qatar,Qatar,QAT,Qatar,Qatar,QA,Qatar,QA,QAT,Asia,Asia,Western Asia,Middle East & North Africa,51.18479632,25.30601188
country_centroids_az8.183,POINT (24.9729303933 45.8524312742),182,1,Romania,Romania,ROU,Romania,Rom.,RO,Romania,RO,ROU,Europe,Europe,Eastern Europe,Europe & Central Asia,24.97293039,45.85243127
country_centroids_az8.184,POINT (96.6865611231 61.9805220919),183,1,Russia,Russian Federation,RUS,Russia,Rus.,RUS,Russian Federation,RU,RUS,Europe,Europe,Eastern Europe,Europe & Central Asia,96.68656112,61.98052209
country_centroids_az8.185,POINT (29.9198851524 -1.99033831693),184,1,Rwanda,Rwanda,RWA,Rwanda,Rwa.,RW,Rwanda,RW,RWA,Africa,Africa,Eastern Africa,Sub-Saharan Africa,29.91988515,-1.99033832
country_centroids_az8.186,POINT (-12.2198275485 24.2295673865),185,1,W. Sahara,Western Sahara,B28,W. Sahara,W. Sah.,WS,Western Sahara,EH,ESH,Africa,Africa,Northern Africa,Middle East & North Africa,-12.21982755,24.22956739
country_centroids_az8.187,POINT (44.5368627114 24.1224584073),186,1,Saudi Arabia,Saudi Arabia,SAU,Saudi Arabia,Saud.,SA,Saudi Arabia,SA,SAU,Asia,Asia,Western Asia,Middle East & North Africa,44.53686271,24.12245841
country_centroids_az8.188,POINT (29.9404681199 15.9903566856),187,1,Sudan,Sudan,SDN,Sudan,Sudan,SD,Sudan,SD,SDN,Africa,Africa,Northern Africa,Sub-Saharan Africa,29.94046812,15.99035669
country_centroids_az8.189,POINT (30.2479000186 7.30877944922),188,1,S. Sudan,South Sudan,SDS,S. Sudan,S. Sud.,SS,South Sudan,SS,SSD,Africa,Africa,Eastern Africa,Sub-Saharan Africa,30.24790002,7.30877945
country_centroids_az8.190,POINT (-14.4734923973 14.3662417313),189,1,Senegal,Senegal,SEN,Senegal,Sen.,SN,Senegal,SN,SEN,Africa,Africa,Western Africa,Sub-Saharan Africa,-14.4734924,14.36624173
country_centroids_az8.191,POINT (103.81725592 1.35876087075),190,3,Singapore,Singapore,SGP,Singapore,Sing.,SG,Singapore,SG,SGP,Asia,Asia,South-Eastern Asia,East Asia & Pacific,103.8172559,1.35876087
country_centroids_az8.192,POINT (-36.4331838823 -54.4648824802),191,3,S. Geo. and S. Sandw. Is.,South Georgia and South Sandwich Islands,SGS,S. Geo. and S. Sandw. Is.,S.G. S.S. Is.,GS,South Georgia and the Islands,GS,SGS,Seven seas (open ocean),Seven seas (open ocean),Seven seas (open ocean),Antarctica,-36.43318388,-54.46488248
country_centroids_az8.193,POINT (-9.5477941587 -12.4035595078),192,3,Saint Helena,Saint Helena,SHN,Saint Helena,St.H.,SH,St. Helena,SH,SHN,Seven seas (open ocean),Africa,Western Africa,Sub-Saharan Africa,-9.54779416,-12.40355951
country_centroids_az8.194,POINT (159.632876678 -8.92178021692),193,1,Solomon Is.,Solomon Islands,SLB,Solomon Is.,S. Is.,SB,Solomon Islands,SB,SLB,Oceania,Oceania,Melanesia,East Asia & Pacific,159.6328767,-8.92178022
country_centroids_az8.195,POINT (-11.7927124668 8.56329593038),194,1,Sierra Leone,Sierra Leone,SLE,Sierra Leone,S.L.,SL,Sierra Leone,SL,SLE,Africa,Africa,Western Africa,Sub-Saharan Africa,-11.79271247,8.56329593
country_centroids_az8.196,POINT (-88.8716446906 13.7394374383),195,1,El Salvador,El Salvador,SLV,El Salvador,El. S.,SV,El Salvador,SV,SLV,North America,Americas,Central America,Latin America & Caribbean,-88.87164469,13.73943744
country_centroids_az8.197,POINT (12.4592233358 43.9418674677),196,3,San Marino,San Marino,SMR,San Marino,S.M.,RSM,San Marino,SM,SMR,Europe,Europe,Southern Europe,Europe & Central Asia,12.45922334,43.94186747
country_centroids_az8.198,POINT (46.251983951 9.73345496311),197,1,Somaliland,Somaliland,B30,Somaliland,Solnd.,SL,Somaliland,-99,-99,Africa,Africa,Eastern Africa,Sub-Saharan Africa,46.25198395,9.73345496
country_centroids_az8.199,POINT (45.7071448699 4.75062876055),198,1,Somalia,Somalia,SOM,Somalia,Som.,SO,Somalia,SO,SOM,Africa,Africa,Eastern Africa,Sub-Saharan Africa,45.70714487,4.75062876
country_centroids_az8.200,POINT (-56.3031977882 46.9191878929),199,3,St. Pierre and Miquelon,Saint Pierre and Miquelon,SPM,St. Pierre and Miquelon,St. P.M.,PM,St. Pierre and Miquelon,PM,SPM,North America,Americas,Northern America,North America,-56.30319779,46.91918789
country_centroids_az8.201,POINT (20.7895833363 44.2215031993),200,1,Serbia,Serbia,SRB,Serbia,Serb.,RS,Serbia,RS,SRB,Europe,Europe,Southern Europe,Europe & Central Asia,20.78958334,44.2215032
country_centroids_az8.202,POINT (6.72429657927 0.443914449308),201,1,SÃ£o TomÃ© and Principe,SÃ£o TomÃ© and Principe,STP,Sao Tome and Principe,S.T.P.,ST,SÃ£o TomÃ© and Principe,ST,STP,Africa,Africa,Middle Africa,Sub-Saharan Africa,6.72429658,0.44391445
country_centroids_az8.203,POINT (-55.9123456951 4.1305541299),202,1,Suriname,Suriname,SUR,Suriname,Sur.,SR,Suriname,SR,SUR,South America,Americas,South America,Latin America & Caribbean,-55.9123457,4.13055413
country_centroids_az8.204,POINT (19.4790521811 48.7054752813),203,1,Slovakia,Slovakia,SVK,Slovakia,Svk.,SK,Slovak Republic,SK,SVK,Europe,Europe,Eastern Europe,Europe & Central Asia,19.47905218,48.70547528
country_centroids_az8.205,POINT (14.8044423776 46.1155477207),204,1,Slovenia,Slovenia,SVN,Slovenia,Slo.,SLO,Slovenia,SI,SVN,Europe,Europe,Southern Europe,Europe & Central Asia,14.80444238,46.11554772
country_centroids_az8.206,POINT (16.7455804869 62.7796651931),205,1,Sweden,Sweden,SWE,Sweden,Swe.,S,Sweden,SE,SWE,Europe,Europe,Northern Europe,Europe & Central Asia,16.74558049,62.77966519
country_centroids_az8.207,POINT (31.4819369011 -26.5584304502),206,1,Swaziland,Swaziland,SWZ,Swaziland,Swz.,SW,Swaziland,SZ,SWZ,Africa,Africa,Southern Africa,Sub-Saharan Africa,31.4819369,-26.55843045
country_centroids_az8.208,POINT (-63.057133627 18.0508172793),207,3,Sint Maarten,Sint Maarten,SXM,Sint Maarten,St. M.,SX,St. Maarten (Dutch part),SX,SXM,North America,Americas,Caribbean,Latin America & Caribbean,-63.05713363,18.05081728
country_centroids_az8.209,POINT (55.4760327912 -4.66099093522),208,1,Seychelles,Seychelles,SYC,Seychelles,Syc.,SC,Seychelles,SC,SYC,Seven seas (open ocean),Africa,Eastern Africa,Sub-Saharan Africa,55.47603279,-4.66099094
country_centroids_az8.210,POINT (38.5078820425 35.025473894),209,1,Syria,Syria,SYR,Syria,Syria,SYR,Syrian Arab Republic,SY,SYR,Asia,Asia,Western Asia,Middle East & North Africa,38.50788204,35.02547389
country_centroids_az8.211,POINT (-71.9738788144 21.8304757171),210,3,Turks and Caicos Is.,Turks and Caicos Islands,TCA,Turks and Caicos Is.,T.C. Is.,TC,Turks and Caicos Islands,TC,TCA,North America,Americas,Caribbean,Latin America & Caribbean,-71.97387881,21.83047572
country_centroids_az8.212,POINT (18.6449251291 15.333337585),211,1,Chad,Chad,TCD,Chad,Chad,TD,Chad,TD,TCD,Africa,Africa,Middle Africa,Sub-Saharan Africa,18.64492513,15.33333758
country_centroids_az8.213,POINT (0.962328449769 8.52531356141),212,1,Togo,Togo,TGO,Togo,Togo,TG,Togo,TG,TGO,Africa,Africa,Western Africa,Sub-Saharan Africa,0.96232845,8.52531356
country_centroids_az8.214,POINT (101.002881304 15.1181579418),213,1,Thailand,Thailand,THA,Thailand,Thai.,TH,Thailand,TH,THA,Asia,Asia,South-Eastern Asia,East Asia & Pacific,101.0028813,15.11815794
country_centroids_az8.215,POINT (71.0136263091 38.5304538963),214,1,Tajikistan,Tajikistan,TJK,Tajikistan,Tjk.,TJ,Tajikistan,TJ,TJK,Asia,Asia,Central Asia,Europe & Central Asia,71.01362631,38.5304539
country_centroids_az8.216,POINT (59.3710002061 39.1155413742),215,1,Turkmenistan,Turkmenistan,TKM,Turkmenistan,Turkm.,TM,Turkmenistan,TM,TKM,Asia,Asia,Central Asia,Europe & Central Asia,59.37100021,39.11554137
country_centroids_az8.217,POINT (125.844389821 -8.82889162047),216,1,Timor-Leste,Timor-Leste,TLS,Timor-Leste,T.L.,TL,Timor-Leste,TL,TLS,Asia,Asia,South-Eastern Asia,East Asia & Pacific,125.8443898,-8.82889162
country_centroids_az8.218,POINT (-174.80987341 -20.4284317425),217,3,Tonga,Tonga,TON,Tonga,Tongo,TO,Tonga,TO,TON,Oceania,Oceania,Polynesia,East Asia & Pacific,-174.8098734,-20.42843174
country_centroids_az8.219,POINT (-61.2656792335 10.457334081),218,1,Trinidad and Tobago,Trinidad and Tobago,TTO,Trinidad and Tobago,Tr.T.,TT,Trinidad and Tobago,TT,TTO,North America,Americas,Caribbean,Latin America & Caribbean,-61.26567923,10.45733408
country_centroids_az8.220,POINT (9.55288358933 34.1195624649),219,1,Tunisia,Tunisia,TUN,Tunisia,Tun.,TN,Tunisia,TN,TUN,Africa,Africa,Northern Africa,Middle East & North Africa,9.55288359,34.11956246
country_centroids_az8.221,POINT (35.1689534649 39.0616029013),220,1,Turkey,Turkey,TUR,Turkey,Tur.,TR,Turkey,TR,TUR,Asia,Asia,Western Asia,Europe & Central Asia,35.16895346,39.0616029
country_centroids_az8.222,POINT (120.954272814 23.753992795),221,1,Taiwan,Taiwan,B77,Taiwan,Taiwan,TW,Taiwan,TW,TWN,Asia,Asia,Eastern Asia,East Asia & Pacific,120.9542728,23.7539928
country_centroids_az8.223,POINT (34.8130998093 -6.27565408332),222,1,Tanzania,Tanzania,TZA,Tanzania,Tanz.,TZ,Tanzania,TZ,TZA,Africa,Africa,Eastern Africa,Sub-Saharan Africa,34.81309981,-6.27565408
country_centroids_az8.224,POINT (32.3690797137 1.27469298731),223,1,Uganda,Uganda,UGA,Uganda,Uga.,UG,Uganda,UG,UGA,Africa,Africa,Eastern Africa,Sub-Saharan Africa,32.36907971,1.27469299
country_centroids_az8.225,POINT (31.3832646865 48.9965667265),224,1,Ukraine,Ukraine,UKR,Ukraine,Ukr.,UA,Ukraine,UA,UKR,Europe,Europe,Eastern Europe,Europe & Central Asia,31.38326469,48.99656673
country_centroids_az8.226,POINT (-56.0180705315 -32.7995153444),225,1,Uruguay,Uruguay,URY,Uruguay,Ury.,UY,Uruguay,UY,URY,South America,Americas,South America,Latin America & Caribbean,-56.01807053,-32.79951534
country_centroids_az8.227,POINT (-112.4616737 45.6795472026),226,1,United States,United States,USA,United States,U.S.A.,US,United States of America,US,USA,North America,Americas,Northern America,North America,-112.4616737,45.6795472
country_centroids_az8.228,POINT (63.1400152805 41.7555422527),227,1,Uzbekistan,Uzbekistan,UZB,Uzbekistan,Uzb.,UZ,Uzbekistan,UZ,UZB,Asia,Asia,Central Asia,Europe & Central Asia,63.14001528,41.75554225
country_centroids_az8.229,POINT (12.4338717661 41.9017498529),228,6,Vatican,Vatican,VAT,Vatican,Vat.,V,Vatican (Holy Sea),VA,VAT,Europe,Europe,Southern Europe,Europe & Central Asia,12.43387177,41.90174985
country_centroids_az8.230,POINT (-61.2012969497 13.22472269),229,1,St. Vin. and Gren.,Saint Vincent and the Grenadines,VCT,St. Vin. and Gren.,St.V.G.,VC,St. Vincent and the Grenadines,VC,VCT,North America,Americas,Caribbean,Latin America & Caribbean,-61.20129695,13.22472269
country_centroids_az8.231,POINT (-66.1818412311 7.12422421273),230,1,Venezuela,Venezuela,VEN,Venezuela,Ven.,VE,"Venezuela, RB",VE,VEN,South America,Americas,South America,Latin America & Caribbean,-66.18184123,7.12422421
country_centroids_az8.232,POINT (-64.471469922 18.5258575451),231,3,British Virgin Is.,British Virgin Islands,VGB,British Virgin Is.,V.I. (Br.),VG,British Virgin Islands,VG,VGB,North America,Americas,Caribbean,Latin America & Caribbean,-64.47146992,18.52585755
country_centroids_az8.233,POINT (-64.8030153752 17.9550062394),232,3,U.S. Virgin Is.,United States Virgin Islands,VIR,U.S. Virgin Is.,V.I. (U.S.),VI,Virgin Islands (U.S.),VI,VIR,North America,Americas,Caribbean,Latin America & Caribbean,-64.80301538,17.95500624
country_centroids_az8.234,POINT (106.299146978 16.6460167019),233,1,Vietnam,Vietnam,VNM,Vietnam,Viet.,VN,Vietnam,VN,VNM,Asia,Asia,South-Eastern Asia,East Asia & Pacific,106.299147,16.6460167
country_centroids_az8.235,POINT (167.686446357 -16.2264090884),234,1,Vanuatu,Vanuatu,VUT,Vanuatu,Van.,VU,Vanuatu,VU,VUT,Oceania,Oceania,Melanesia,East Asia & Pacific,167.6864464,-16.22640909
country_centroids_az8.236,POINT (-177.348348251 -13.8873703903),235,3,Wallis and Futuna Is.,Wallis and Futuna Islands,WLF,Wallis and Futuna Islands,Wlf.,WF,Wallis and Futuna,WF,WLF,Oceania,Oceania,Polynesia,East Asia & Pacific,-177.3483483,-13.88737039
country_centroids_az8.237,POINT (-172.16485064 -13.7532434638),236,1,Samoa,Samoa,WSM,Samoa,Samoa,WS,Samoa,WS,WSM,Oceania,Oceania,Polynesia,East Asia & Pacific,-172.1648506,-13.75324346
country_centroids_az8.238,POINT (47.5867618877 15.9092800505),237,1,Yemen,Yemen,YEM,Yemen,Yem.,YE,"Yemen, Rep.",YE,YEM,Asia,Asia,Western Asia,Middle East & North Africa,47.58676189,15.90928005
country_centroids_az8.239,POINT (25.0839009251 -29.0003409534),238,1,South Africa,South Africa,ZAF,South Africa,S.Af.,ZA,South Africa,ZA,ZAF,Africa,Africa,Southern Africa,Sub-Saharan Africa,25.08390093,-29.00034095
country_centroids_az8.240,POINT (27.7747594637 -13.4582415186),239,1,Zambia,Zambia,ZMB,Zambia,Zambia,ZM,Zambia,ZM,ZMB,Africa,Africa,Eastern Africa,Sub-Saharan Africa,27.77475946,-13.45824152
country_centroids_az8.241,POINT (29.8514412019 -19.0042041882),240,1,Zimbabwe,Zimbabwe,ZWE,Zimbabwe,Zimb.,ZW,Zimbabwe,ZW,ZWE,Africa,Africa,Eastern Africa,Sub-Saharan Africa,29.8514412,-19.00420419